species,phylum,n_total,emoji,cells,photo
Abies procera,plant,154,🌱,1,https://inaturalist-open-data.s3.amazonaws.com/photos/80772083/square.jpeg
Adelinia grandis,plant,232,🌱,2,https://inaturalist-open-data.s3.amazonaws.com/photos/28874/square.jpg
Adiantum aleuticum,plant,465,🌱,3,https://inaturalist-open-data.s3.amazonaws.com/photos/45713149/square.jpg
Ailanthus altissima,plant,224,🌱,4,https://static.inaturalist.org/photos/21400202/square.jpg
Anaphalis margaritacea,plant,529,🌱,2,https://inaturalist-open-data.s3.amazonaws.com/photos/557174771/square.jpg
Anas platyrhynchos,vertebrate,217,🐦,1,https://inaturalist-open-data.s3.amazonaws.com/photos/95268822/square.jpg
Anemone oregana,plant,211,🌱,1,https://static.inaturalist.org/photos/66863200/square.jpg
Aphelocoma californica,vertebrate,211,🐦,1,https://static.inaturalist.org/photos/1576701/square.jpg
Aquilegia formosa,plant,629,🌱,4,https://inaturalist-open-data.s3.amazonaws.com/photos/534432091/square.jpg
Ardea herodias,vertebrate,166,🐦,1,https://inaturalist-open-data.s3.amazonaws.com/photos/65060931/square.jpg
Ariolimax columbianus,mollusc,560,🐌,4,https://inaturalist-open-data.s3.amazonaws.com/photos/59264526/square.jpeg
Asarum caudatum,plant,174,🌱,1,https://inaturalist-open-data.s3.amazonaws.com/photos/511529038/square.jpg
Callospermophilus lateralis,vertebrate,194,🐦,1,https://inaturalist-open-data.s3.amazonaws.com/photos/2519439/square.JPG
Calochortus subalpinus,plant,450,🌱,7,https://inaturalist-open-data.s3.amazonaws.com/photos/191923/square.jpg
Calypso bulbosa,plant,361,🌱,4,https://inaturalist-open-data.s3.amazonaws.com/photos/1190/square.jpg
Calyptridium umbellatum,plant,174,🌱,1,https://inaturalist-open-data.s3.amazonaws.com/photos/101107/square.jpg
Cardamine nuttallii,plant,322,🌱,1,https://inaturalist-open-data.s3.amazonaws.com/photos/123325756/square.jpeg
Castilleja hispida,plant,336,🌱,2,https://inaturalist-open-data.s3.amazonaws.com/photos/198919715/square.jpeg
Castilleja miniata,plant,196,🌱,1,https://inaturalist-open-data.s3.amazonaws.com/photos/42374889/square.jpeg
Ceanothus integerrimus,plant,142,🌱,1,https://inaturalist-open-data.s3.amazonaws.com/photos/214987048/square.jpeg
Centaurea cyanus,plant,419,🌱,2,https://static.inaturalist.org/photos/509434331/square.jpg
Chamaenerion angustifolium,plant,654,🌱,3,https://inaturalist-open-data.s3.amazonaws.com/photos/619007051/square.jpg
Chimaphila umbellata,plant,248,🌱,1,https://inaturalist-open-data.s3.amazonaws.com/photos/144081847/square.jpeg
Chrysolepis chrysophylla,plant,358,🌱,3,https://inaturalist-open-data.s3.amazonaws.com/photos/200823844/square.jpg
Collinsia grandiflora,plant,102,🌱,1,https://inaturalist-open-data.s3.amazonaws.com/photos/62149408/square.jpg
Cornus unalaschkensis,plant,574,🌱,6,https://inaturalist-open-data.s3.amazonaws.com/photos/678726721/square.jpg
Corydalis scouleri,plant,285,🌱,2,https://static.inaturalist.org/photos/127603915/square.jpeg
Crocidium multicaule,plant,364,🌱,1,https://inaturalist-open-data.s3.amazonaws.com/photos/45494518/square.jpg
Cytisus scoparius,plant,222,🌱,1,https://inaturalist-open-data.s3.amazonaws.com/photos/70985676/square.jpg
Delphinium trolliifolium,plant,110,🌱,1,https://inaturalist-open-data.s3.amazonaws.com/photos/133938937/square.jpeg
Dicamptodon tenebrosus,vertebrate,127,🐦,1,https://inaturalist-open-data.s3.amazonaws.com/photos/404409290/square.jpeg
Dicentra formosa,plant,714,🌱,2,https://inaturalist-open-data.s3.amazonaws.com/photos/76022505/square.jpg
Digitalis purpurea,plant,439,🌱,2,https://inaturalist-open-data.s3.amazonaws.com/photos/179728943/square.jpeg
Dipsacus fullonum,plant,125,🌱,1,https://static.inaturalist.org/photos/4385824/square.jpg
Ericameria nauseosa,plant,183,🌱,2,https://inaturalist-open-data.s3.amazonaws.com/photos/317214763/square.jpeg
Eriogonum compositum,plant,631,🌱,4,https://inaturalist-open-data.s3.amazonaws.com/photos/169687/square.jpg
Eriogonum umbellatum,plant,151,🌱,1,https://inaturalist-open-data.s3.amazonaws.com/photos/431664/square.jpg
Eriophyllum lanatum,plant,398,🌱,1,https://inaturalist-open-data.s3.amazonaws.com/photos/506368268/square.jpg
Erythronium grandiflorum,plant,279,🌱,1,https://inaturalist-open-data.s3.amazonaws.com/photos/196053633/square.jpg
Erythronium montanum,plant,208,🌱,2,https://static.inaturalist.org/photos/210184864/square.jpeg
Erythronium oregonum,plant,110,🌱,1,https://inaturalist-open-data.s3.amazonaws.com/photos/186145929/square.jpeg
Eschscholzia californica,plant,261,🌱,1,https://inaturalist-open-data.s3.amazonaws.com/photos/67227218/square.jpg
Euphagus cyanocephalus,vertebrate,101,🐦,1,https://static.inaturalist.org/photos/704834/square.jpg
Fritillaria affinis,plant,418,🌱,2,https://inaturalist-open-data.s3.amazonaws.com/photos/2605/square.jpg
Gaultheria shallon,plant,456,🌱,1,https://inaturalist-open-data.s3.amazonaws.com/photos/271254015/square.jpg
Geranium robertianum,plant,610,🌱,7,https://inaturalist-open-data.s3.amazonaws.com/photos/70283020/square.jpg
Heracleum maximum,plant,381,🌱,2,https://inaturalist-open-data.s3.amazonaws.com/photos/137558496/square.jpg
Holodiscus discolor,plant,593,🌱,1,https://inaturalist-open-data.s3.amazonaws.com/photos/297815731/square.jpg
Impatiens capensis,plant,108,🌱,1,https://inaturalist-open-data.s3.amazonaws.com/photos/419410578/square.jpg
Lathyrus latifolius,plant,204,🌱,1,https://inaturalist-open-data.s3.amazonaws.com/photos/522746705/square.jpg
Lewisia rediviva,plant,200,🌱,2,https://inaturalist-open-data.s3.amazonaws.com/photos/8036215/square.jpg
Lithospermum ruderale,plant,133,🌱,1,https://inaturalist-open-data.s3.amazonaws.com/photos/204164046/square.jpeg
Lomatium columbianum,plant,675,🌱,9,https://inaturalist-open-data.s3.amazonaws.com/photos/356427035/square.jpeg
Lomatium klickitatense,plant,374,🌱,2,https://static.inaturalist.org/photos/121156522/square.jpg
Lunaria annua,plant,147,🌱,1,https://inaturalist-open-data.s3.amazonaws.com/photos/505567800/square.jpg
Lysichiton americanus,plant,384,🌱,1,https://inaturalist-open-data.s3.amazonaws.com/photos/65701886/square.jpeg
Lysimachia latifolia,plant,357,🌱,1,https://inaturalist-open-data.s3.amazonaws.com/photos/82441036/square.jpg
Mahonia nervosa,plant,582,🌱,1,https://inaturalist-open-data.s3.amazonaws.com/photos/127348129/square.jpg
Maianthemum racemosum,plant,580,🌱,2,https://inaturalist-open-data.s3.amazonaws.com/photos/111809822/square.jpg
Marah oregana,plant,601,🌱,2,https://inaturalist-open-data.s3.amazonaws.com/photos/8255920/square.jpg
Melospiza melodia,vertebrate,131,🐦,1,https://inaturalist-open-data.s3.amazonaws.com/photos/104749271/square.jpg
Monadenia fidelis,mollusc,241,🐌,1,https://inaturalist-open-data.s3.amazonaws.com/photos/5150552/square.jpg
Odocoileus hemionus,vertebrate,381,🐦,3,https://inaturalist-open-data.s3.amazonaws.com/photos/5207830/square.jpg
Olsynium douglasii,plant,608,🌱,3,https://static.inaturalist.org/photos/83362532/square.jpeg
Oncorhynchus kisutch,vertebrate,157,🐦,1,https://inaturalist-open-data.s3.amazonaws.com/photos/728795606/square.jpg
Oplopanax horridus,plant,364,🌱,2,https://inaturalist-open-data.s3.amazonaws.com/photos/88963272/square.jpg
Paranemone deltoidea,plant,324,🌱,1,https://inaturalist-open-data.s3.amazonaws.com/photos/8715343/square.jpeg
Penstemon rupicola,plant,201,🌱,1,https://inaturalist-open-data.s3.amazonaws.com/photos/171131952/square.jpg
Petasites frigidus,plant,358,🌱,1,https://inaturalist-open-data.s3.amazonaws.com/photos/366989332/square.jpeg
Phlox diffusa,plant,153,🌱,1,https://inaturalist-open-data.s3.amazonaws.com/photos/209672480/square.jpeg
Physocarpus capitatus,plant,212,🌱,1,https://static.inaturalist.org/photos/133641026/square.jpeg
Pinus contorta,plant,164,🌱,1,https://inaturalist-open-data.s3.amazonaws.com/photos/45880976/square.jpeg
Platanthera dilatata,plant,104,🌱,1,https://inaturalist-open-data.s3.amazonaws.com/photos/140548724/square.jpg
Polemonium californicum,plant,167,🌱,1,https://static.inaturalist.org/photos/44396262/square.jpg
Polystichum munitum,plant,575,🌱,3,https://inaturalist-open-data.s3.amazonaws.com/photos/412744739/square.jpeg
Pseudacris regilla,vertebrate,314,🐦,2,https://inaturalist-open-data.s3.amazonaws.com/photos/173430494/square.jpg
Pseudotsuga menziesii,plant,667,🌱,3,https://inaturalist-open-data.s3.amazonaws.com/photos/140217013/square.jpg
Pterospora andromedea,plant,201,🌱,1,https://inaturalist-open-data.s3.amazonaws.com/photos/113501396/square.jpeg
Pulsatilla occidentalis,plant,139,🌱,3,https://inaturalist-open-data.s3.amazonaws.com/photos/111285109/square.jpg
Quercus garryana,plant,727,🌱,7,https://inaturalist-open-data.s3.amazonaws.com/photos/736671410/square.jpg
Rhododendron macrophyllum,plant,519,🌱,5,https://inaturalist-open-data.s3.amazonaws.com/photos/396805527/square.jpeg
Ribes sanguineum,plant,401,🌱,1,https://static.inaturalist.org/photos/72387844/square.jpg
Rubus parviflorus,plant,733,🌱,3,https://static.inaturalist.org/photos/508162072/square.jpg
Rubus spectabilis,plant,550,🌱,1,https://inaturalist-open-data.s3.amazonaws.com/photos/65263917/square.jpeg
Sedum spathulifolium,plant,461,🌱,3,https://static.inaturalist.org/photos/76266220/square.jpg
Taricha granulosa,vertebrate,373,🐦,3,https://static.inaturalist.org/photos/2631482/square.jpg
Thaleichthys pacificus,vertebrate,121,🐦,2,https://inaturalist-open-data.s3.amazonaws.com/photos/505043378/square.jpg
Toxicodendron diversilobum,plant,533,🌱,2,https://static.inaturalist.org/photos/14897857/square.jpeg
Trifolium macrocephalum,plant,256,🌱,1,https://inaturalist-open-data.s3.amazonaws.com/photos/69200765/square.jpeg
Trillium ovatum,plant,1082,🌱,4,https://inaturalist-open-data.s3.amazonaws.com/photos/483944196/square.jpg
Tsuga heterophylla,plant,419,🌱,2,https://inaturalist-open-data.s3.amazonaws.com/photos/45391159/square.jpg
Tsuga mertensiana,plant,312,🌱,3,https://inaturalist-open-data.s3.amazonaws.com/photos/104023449/square.jpg
Turdus migratorius,vertebrate,229,🐦,1,https://inaturalist-open-data.s3.amazonaws.com/photos/34859026/square.jpg
Valeriana congesta,plant,300,🌱,1,https://static.inaturalist.org/photos/638592125/square.jpg
Vicia villosa,plant,282,🌱,1,https://inaturalist-open-data.s3.amazonaws.com/photos/344614087/square.jpeg
Xerophyllum tenax,plant,694,🌱,6,https://inaturalist-open-data.s3.amazonaws.com/photos/78914789/square.jpeg
Zonotrichia leucophrys,vertebrate,145,🐦,1,https://inaturalist-open-data.s3.amazonaws.com/photos/27928/square.jpg
